Episode,Score,Record,Total Score,Mean Score
1,0,0,0,0.0
2,0,0,0,0.0
3,0,0,0,0.0
4,0,0,0,0.0
5,1,1,1,0.2
6,0,1,1,0.16666666666666666
7,2,2,3,0.42857142857142855
8,0,2,3,0.375
9,1,2,4,0.4444444444444444
10,0,2,4,0.4
